metric,value
accuracy,0.4098360655737705
macro_f1,0.3781562158781999
