metric,value
accuracy,0.746031746031746
macro_f1,0.7029825518141393
