metric,value
accuracy,0.3770491803278688
macro_f1,0.35339750593133235
