metric,value
accuracy,0.5555555555555556
macro_f1,0.5318739681899111
