metric,value
accuracy,0.33879781420765026
macro_f1,0.30081983135073326
