metric,value
accuracy,0.7195767195767195
macro_f1,0.6936845907358822
